"uuid","store_name","store_street","store_street2","store_city","store_state","store_zip","store_phone","Ycoord","Xcoord"
"1","A & B NATURALS","101 COTTAGE STREET","","BAR HARBOR","ME","4609","(207) 288-8480","44.3889082","-68.2121214"
"2","Al Ducci's Italian Pastry","133 Elm Street","","Manchester Ctr","VT","5255","802-362-4449","43.1492638","-73.0641396"
"3","ALL THE BEST","93 RIPLEY RD","","COHASSET","MA","2025","(781) 383-3005","42.241163","-70.8051259"
"4","ALLANDALE FARM","259 ALLANDALE RD","","BROOKLINE","MA","2467","(617) 524-1531","42.3016834","-71.1392007"
"5","American Provisions","613 East Broadway","","Boston","MA","2127","","42.335366","-71.039753"
"6","Amici Market","155 North Country Road","","Palm Beach","FL","33480","561-832-0201","26.7056206","-80.0364297"
"7","Ancona's Market Inc.","720 Branchville Road","","Ridgefield","CT","6877","","41.2678481","-73.4432776"
"8","Andronico's Community Markets","14234 Catalina Street","","San Leandro","CA","94577","510-667-1856","37.6967105","-122.1728149"
"9","Andronico's Community Markets:Berkeley","1850 Solano Avenue","","Berkeley","CA","94707","510-524-1673","37.891358","-122.2785086"
"10","Andronico's Community Markets:Los Altos","690 Los Altos Rancho Center","","Los Altos Hills","CA","94024","650-948-6648","37.3796627","-122.1374637"
"11","Andronico's Community Markets:San Anselmo","100 Center Boulevard","","San Anselmo","CA","94960","415-455-8186","37.9769379","-122.562912"
"12","Andronico's Community Markets:San Francisco","1200 Irving Street","","San Francisco","CA","94122","415-661-3220","37.764379","-122.47101"
"13","Andronico's Community Markets:Shattuck Ave","1550 Shattuck Avenue","","Berkeley","CA","94709","(510) 841-7942","37.878856","-122.269806"
"14","Annebeth's","75 Maryland Avenue","","Annapolis","MD","21401","(410) 990-9700","38.9795753","-76.4901038"
"15","Argenta Market","521 Main","","North Little Rock","AR","72114","501.416.5555","34.7587524","-92.2581158"
"16","Artichoke Red","2808 Edgewater Drive","","Orlando","FL","32804","","28.5809372","-81.3896092"
"17","Aspens Market","4015 Lake Creek Drive N","","Wilson","WY","83014","(307) 200-6140","43.5007599","-110.8752112"
"18","Atkinsons' Market:Ketchum","451 4th Street East","","Ketchum","ID","83340","","43.6822986","-114.3638834"
"19","AURORA PROVISIONS","64 PINE ST","","PORTLAND","ME","4102","(207) 871-9060","43.6611308","-70.2989334"
"20","AXIS NATURAL FOODS","120 CENTER ST PLAZA STE 300","","AUBURN","ME","4210","(207) 782-3348","44.0978509","-70.2311655"
"21","B Nutritious","2 East 76th Street","","New York","NY","10021","646-943-0755","40.7749159","-73.9649934"
"22","Bartlett's Farm","33 Bartlett Farm Road","","Nantucket","MA","2554","","41.259482","-70.131707"
"23","Basil Bandwagon Natural Market","276 Rte 202","","Flemington","NJ","8822","908-788-5737","40.5123258","-74.8593318"
"24","BATH NATURAL MARKET","36 CENTRE STREET","","BATH","ME","4530","(207) 442-8012","43.9124947","-69.8151213"
"25","Beacon Hill Wine & Gourmet","538 Main Street","","Melrose","MA","2176","781-665-3332","42.4560348","-71.0647566"
"26","BELFAST COOP STORE","123 HIGH STREET","","BELFAST","ME","4915","(207) 338-2532","44.4262163","-69.0055482"
"27","Berkshire Organics","813 Dalton Division Road","","Dalton","MA","1230","(413) 446-5510","42.202173","-73.3472901"
"28","Better Health:Novi","42875 Grand River Ave","","Novi","MI","48375","(248) 735-8100","42.477903","-83.468811"
"29","Black Forest Acres #2","1100 Rt 33","","Hamilton","NJ","8690","609-586-6187","40.2276834","-74.6576091"
"30","Boston Wine Exchange","181 Devonshire Street","","Boston","MA","2110","617-422-0100","42.3560434","-71.0574132"
"31","Brattleboro Food Coop","2 Main Street","","Brattleboro","VT","5301","(802) 257-0236","42.850357","-72.559094"
"32","Brooklyn Fare","200 Schermerhorn Street","","Brooklyn","NY","11201","","40.6986772","-73.9859414"
"33","BUFFALO MOUNTAIN COOP STORE","39 SOUTH MAIN ST","","HARDWICK","VT","5843","(802) 472-6020","44.5044488","-72.36623"
"34","Bumble Olive Oil Company",""Westfield Franklin Park"," Suite 1420"","5001 Monroe Street","Toledo","OH","43623","419.517.5552","41.6984804","-83.6430229"
"35","Butcher Bar","37-08 30th Avenue","","Astoria","NY","11103","718-606-8140","40.764265","-73.9164179"
"36","Cambridge Naturals","23 White Street","","Cambridge","MA","2140","617-492-4452","42.3964457","-71.1359393"
"37",""CHAMOMILLE NATURAL FOODS"," INC."","60 NEWTOWN RD","","DANBURY","CT","6810","(203) 792-8952","41.4054058","-73.4204814"
"38","CIDER HILL FARM","45 FERN AVE.","","AMESBURY","MA","1913","(978) 388-5525","42.8584235","-70.9300547"
"39","City Feed and Supply:Centre Street","672 Centre Street","","Jamaica Plain","MA","2130","617-553-4822","42.3123619","-71.1140699"
"40","City Market/Onion River Food Co-Op","82 S Winooski Ave","# 2","Burlington","VT","5401","(802) 861-9700","44.4804251","-73.2112028"
"41","Clever Hen","767 Ames Ave.","","Milpitas","CA","95035","408.516.4140","37.4198059","-121.8897395"
"42",""CLOWN"," LLC."","P.O. BOX 769","","YORK","ME","3909","(207) 351-3063","43.1617687","-70.648292"
"43","Cocoanuts Boston","28 Parmenter Street","","Boston","MA","2113","518-269-9123","42.363919","-71.055338"
"44","Columbus Natural Foods","725 Columbus Ave","","New York","NY","10025","(212) 663-0345","40.7926334","-73.9676661"
"45","CONCORD FOOD COOP STORE","24 1/2 SOUTH MAIN STREET","","CONCORD","NH","3301","(603) 225-6840","43.204232","-71.5356939"
"46","COOP Food Store: Lebanon","12 Centerra Parkway","","Lebanon","NH","3756","","43.6743042","-72.2613534"
"47","Coplin Co-Op","","","Eustis","ME","4936","","45.2169896","-70.4786979"
"48","Cornucopia Foods","150 Main Street","","Northampton","MA","1060","413-586-3800","42.3250492","-72.6411923"
"49","COUNTY JUNCTION MARKET","53 MAINE ST.","","HOULTON","ME","4730","(207) 532-2218","46.1261806","-67.8402316"
"50","Dean & Deluca: Kansas","4700 West 119th Street","","Leawood","KS","66206","913.498.3131","38.9135183","-94.6406037"
"51","Dean & Deluca: Madison Ave","1150 Madison Ave","","New York","NY","10028","212.717.0800","40.780362","-73.9594087"
"52","Dean & Deluca: Napa Valley","607 St Helena Hwy","","St. Helena","CA","94574","707-967-9980","38.5027778","-122.4697222"
"53","Dean & Deluca: North Carolina","6903 Phillips Place Court","","Charlotte","NC","28210","704.643.6868","35.1274285","-80.8599193"
"54","Dean & Deluca: SoHo","560 Broadway","","New York","NY","10012","212-226-6800","40.7250632","-73.9976946"
"55",""Dean & Deluca: Washington"," D.C."","3276 M Street NW","","Washington","DC","20007","202.342.2500","38.904674","-77.065152"
"56","Debra's Natural Gourmet","98 Commonwealth Avenue","","West Concord","MA","1742","978-371-7573","42.458427","-71.3953388"
"57","Dekalb Natural Market","230 DeKalb Avenue","","Brooklyn","NY","11205","","40.6894027","-73.9698719"
"58","Dennisport Natural Market","1218 Main St","","Chatham","MA","2633","","41.6853129","-69.9794169"
"59","Dépanneur","242 Wythe Ave","","Brooklyn","NY","11211","(347) 227-8424","40.7173731","-73.9627756"
"60","Dill Pickle Food Co-op","3039 W. Fullerton Ave.","","Chicago","IL","60647","773-252-COOP (2667)","41.9244429","-87.7038929"
"61","DOVER NATURAL FOODS","7 CHESTNUT - on CORNER","","DOVER","NH","3820","(603) 749-9999","43.1978624","-70.8736698"
"62","EDGE OF THE WOODS INC","379 WHALLEY AVE.","","NEW HAVEN","CT","6511","(203) 787-1055","41.3176962","-72.945208"
"63","Eli's Manhattan","1411 Third Avenue","","New York","NY","10028","(212) 717-8100","40.7766412","-73.9521468"
"64","Evergood Super Market","1674 Massachusetts Ave","","Cambridge","MA","2138","617-354-8331","42.3823223","-71.1198946"
"65","Everyday Eclectic","181 River Street","","Chattanooga","Tennessee","37405","(423) 505-3337","35.0618375","-85.3065487"
"66","FLEA","Laura Grabe","158 Rowayton Ave #B","Norwalk","CT","6853","203-286-6673","41.0676906","-73.4386466"
"67","Food Cellar and Co","4-85 47th Road","","Long Island City","NY","11101","","40.7453207","-73.9560239"
"68","Foodies Boston","1421 Washington Street","","Boston","MA","2118","(617) 266-9911","42.3410021","-71.0706231"
"69","Foodlife","835 N. Michigan Ave","","Chicago","IL","60611","312.335.3663","41.8925085","-87.6161696"
"70","For Earth's Sake",""120 West Avenue"," Suite 102"","","Saratoga Springs","NY","12866","518.306.6605","43.076955","-73.802985"
"71","Forager's Market: Chelsea","300 West 22nd street","","New York","NY","10011","212-243-8888","40.7447611","-73.9995093"
"72","Foragers Market: DUMBO","56 Adams Street","","Brooklyn","NY","11201","718-801-8400","40.7026408","-73.9885244"
"73","Fork & Anchor","8955 Main Road","","East Marion","NY","11939","(631) 477-3277","41.127023","-72.341483"
"74","FOUR SEASONS NATURAL FOODS","33 PHILA STREET","","SARATOGA SPRINGS","NY","12866","(518) 584-4670","43.0804606","-73.7840426"
"75","Gigi Market","227 Pitcher Lane","","Red Hook","NY","12571","845-758-1999","41.9950919","-73.8754114"
"76","Ginger Corner Market","217 S Michigan Ave","","Pasadena","CA","91106","(626) 795-2447","34.1419965","-118.1261223"
"77","Golden Goose Market","179 Commercial St","#724","Boston","MA","2109","617-367-3198","42.3627951","-71.0518837"
"78","GOOD FOOD STORE","ROUTE 2","","BETHEL","ME","4217","(207) 824-3754","44.4044586","-70.7898806"
"79","GOOD HEALTH NATURAL FOOD:HANOV","219 COLUMBIA RD","","HANOVER","MA","2339","(781) 826-0808","42.1131924","-70.8179176"
"80","Gourmet Guild of Williamsburg","110 Broadway","","Brooklyn","NY","11249","718-388-7726","40.7103887","-73.9647665"
"81","Gracefully","28 Avenue A","","New York","NY","10009","(212) 677-8181","40.7232501","-73.9853884"
"82","Green Meadows Farm","75 Railroad Avenue","","South Hamilton","MA","1982","978-468-2277","42.611102","-70.8758568"
"83","GREENFIELDS MARKET","144 MAIN ST","","GREENFIELD","MA","1301","(413) 773-9567","42.588137","-72.603935"
"84","GreenStar:Oasis","215 N. Cayuga St.","","Ithaca","NY","14850","(607) 273-8210","42.4408648","-76.4985374"
"85","Greenstar:WestEnd","701 W. Buffalo St.","","Ithaca","NY","14850","607-273-9392","42.44057","-76.511028"
"86","GUIDO'S:Great Barrington","760 SOUTH MAIN STREET","","GREAT BARRINGTON","MA","1230","(413) 528-9255","42.178147","-73.3624656"
"87","GUIDO'S:Pittsfield","1020 South St","","PITTSFIELD","MA","1201","(413) 442-9912","42.4084032","-73.2637368"
"88","Hannah Grimes Marketplace","42 Main Street","","Keene","","3431","03431","42.9327503","-72.2781808"
"89","Happy Family Brands","509 W. Hays St.","","Boise","ID","83702","208.338.6534 ext. 816","43.6192459","-116.195543"
"90","HARVEST COOP Cambridge","581 MASS AVE","","CAMBRIDGE","MA","2139","(617) 661-1580","42.3650221","-71.1027573"
"91","HARVEST COOP Jamaica Plain","57 SOUTH ST","","JAMAICA PLAIN","MA","2130","(617) 524-1667","42.3077979","-71.1156086"
"92","Health Foods Unlimited","2250 Miamisburg Centerville Rd.","","Centerville","OH","45459","(937) 433-5100","39.6400784","-84.1751648"
"93","Health Market-Hy-Vee","3801 East Washington Ave","","Madison","WI","53704","608 244 4696","43.118894","-89.3208702"
"94","Healthway Natural Foods","35 River Edge Rd","","Tenafly","NJ","7670","201-569-4558","40.9253766","-73.9629154"
"95","Healthy Habits Natural Market","1120 Centre Turnpike","Rt. 61","Orwigsburg","PA","17961","570-366-2620","40.654813","-76.1007713"
"96","Healthy Living","222 Dorset St","","South Burlington","VT","5403","(802) 863-2569","44.4493489","-73.1607806"
"97","Herbal Path Natural Pharmacy","839 Central Ave","","Dover","NH","3820","603-740-8400","43.215925","-70.8800969"
"98","Hickoree's Hard Goods","109 South 6th Street #2","","Brooklyn","NY","11211","","40.7118822","-73.9679896"
"99","HONEST WEIGHT","484 CENTRAL AVE.","","ALBANY","NY","12206","(518) 482-2667","42.6693888","-73.7780187"
"100","How on Earth","62 Marion RD","","Mattapoisett","MA","2739","(508) 758-1341","41.6632041","-70.7891349"
"101","HUNGRY HOLLOW COUNTRY STORE","28 BETHEL RD","","WEST PARIS","ME","4289","(207) 674-3012","44.2895638","-70.5263638"
"102","IdlyWilde Farms","366 Central Street","","Acton","MA","1720","(978) 263-5943","42.4830304","-71.4771361"
"103","IPSWICH SHELLFISH FISH MARKET"," 8 Hayward Street","","IPSWICH","MA","1938","(978) 356-6941","42.6743949","-70.8428704"
"104","IT'S ONLY NATURAL MARKET","575 MAIN STREET","","MIDDLETOWN","CT","6457","(860) 346-1786","41.563702","-72.651944"
"105","Jackson Whole Grocer","974 West Broadway","","Jackson","WY","83002","","43.4695241","-110.7891704"
"106","Joan's On Third","8350 West Third St","","Los Angeles","CA","90048","323-655-2285","34.0741548","-118.3724915"
"107","JOHN EDWARDS NATURAL FOODS","158 MAIN ST","","ELLSWORTH","ME","4605","(207) 667-9377","44.5420183","-68.4230226"
"108","Joppa Fine Foods","50 Water Street-The Tannery","","Newburyport","MA","1950","978.462.4662","42.8125913","-70.8772751"
"109","Joyus","375 Alabama Street","Suite 325","San Francisco","CA","94110","415-975-9812","37.764572","-122.411845"
"110","Just Natural Vitamins and Herbs","8001 Brookmead Court","","Severn","MD","21144","443-599-9647","39.125849","-76.710738"
"111","Kimberton Whole Foods Downington","150 East Pennsylvania Avenue","","Downingtown","PA","19335","","40.007529","-75.700772"
"112","Kimberton Whole Foods- Kimberton","2140 Kimberton Road","","Phoenixville","PA","19460","(610) 935-1444","40.1303822","-75.5149128"
"113","King Arthur Flour Shop","135 US 5 North","","Norwich","VT","","(802) 649-3361","43.702618","-72.311363"
"114","LA BONNE & SONS INC-SALS","22 ACADEMY STREET *****150***","","SALISBURY","CT","6068","(860) 435-2559","42.023677","-73.4415929"
"115","LA PROVENCE","105 THOREAU STREET","","CONCORD","MA","1742","(978) 371-7428","42.456522","-71.3567569"
"116","Lassens:Bakersfield","4308 California Avenue","","Bakersfield","CA","93309","661.324.6990","35.3672796","-119.05017"
"117","Lassens:Corporate","4071 East Main Street","","Ventura","CA","93003","805.644.6990","34.2645112","-119.2370853"
"118","Lassens:Fresno","9439 N Fort Washington Rd","","Fresno","CA","93730","559.434.6990","36.8739446","-119.7776884"
"119","Lassens:Goleta","5154 Hollister Avenue","","Santa Barbara","CA","93111","805.683.7696","34.4349859","-119.8037283"
"120","Lassens:Los Feliz","2080 Hillhurst Ave","","Los Angeles","CA","90027","323.660.0052","34.1097132","-118.2874055"
"121","Lassens:Santa Maria","1790 S. Broadway","","Santa Maria","CA","93454","805.925.3432","34.9279259","-120.4359152"
"122","Lassens:Simi Valley","2955 Cochran Street","Suite A4","Simi Valley","CA","93065","805.522.6990","34.2816187","-118.739241"
"123","Lassens:Thousand Oaks","2857 E. Thousand Oaks Blvd","","Thousand Oaks","CA","91362","805.495.2609","34.1710813","-118.8383704"
"124","Lassens:Ventura","4071 East Main Street","","Ventura","CA","93003","805.644.6990","34.2641303","-119.2372089"
"125","LITTLETON CONSUMER COOP INC",""43 Bethlehem Road  Littleton"," NH 03561"","","LITTLETON","NH","3561","(603) 444-2800","44.3061628","-71.7701237"
"126","LIVING EARTH","232 CHANDLER ST","","WORCESTER","MA","1609","(508) 753-1896","42.260967","-71.820272"
"127",""Locke"," Stock and Barrel"","","","Great Barrington","MA","1230","(413) 528-0800","42.1959798","-73.362008"
"128","Lois' Natural Marketplace","152 US RTE 1","","Scarborough","ME","4074","(207) 885-0602","43.6083314","-70.3976368"
"129","Lose it Right","P.O Box 335","3152 Little Road","Trinity","FL","34655","727 505 4481","28.1808458","-82.6817662"
"130","Lunardi's Markets","","","","","","","",""
"131","MAIN STREET GRAINERY","15 MAIN ST","","CHATHAM","NY","12037","(518) 392-5225","42.3627038","-73.5960544"
"132","Main Street Market:Wisconsin","1 South Main Street","","Rice Lake","WI","54868","(715) 234-7045","45.501551","-91.733011"
"133","MAPLE CORNER STORE","P.O. BOX 204","","CALAIS","VT","5648","(802) 229-4329","44.3886867","-72.4922086"
"134","Marble Hill Farm","29 Great Road","","Stow","MA","1775","978.897.3622","42.43118","-71.4777469"
"135","Market Day","135 Port Rd","Lower Village","Kennebunk","ME","4043","207.967.5577","43.3845306","-70.54399"
"136","Mary's Marvelous","107 Newtown Lane","","East Hampton","NY","11937","(631) 267-8796","40.9651627","-72.1912075"
"137","Megunticook Market","2 Gould Street","","Camden","ME","4843","207-236-3537","44.2168084","-69.0778205"
"138","Milk and Honey Green Grocer","32 Church St","","Salem","MA","1970","978-744-6639","42.5226473","-70.8952756"
"139","MOM's Organic Market: Waldorf","3301 Plaza Way","","Waldorf","MD","20603","","38.6232535","-76.9187793"
"140","MOM's Organic Market:Alexandria","3831 Mount Vernon Avenue","","Alexandria","VA","22305","703-535-5980","38.8410113","-77.0624614"
"141","MOM's Organic Market:Bowie","6824 Race Track Rd","","Bowie","MD","20715","240-556-1700","38.983504","-76.7290175"
"142","MOM's Organic Market:College Park","9827 Rhode Island Ave","","College Park","MD","20740","(301) 220-1100","38.9831999","-76.9309535"
"143","MOM's Organic Market:Fairfax","8298 Glass Alley","#22 Fairfax","Fairfax","VA","22031","","38.8462236","-77.3063733"
"144","MOM's Organic Market:Frederick","5273 Buckeystown Pike","","Frederick","MD","21703","240-566-1444","39.4142688","-77.4105409"
"145","MOM's Organic Market:Herndon","424 Elden Street","","Herndon","VA","20170","703-483-6740","38.9680057","-77.3759421"
"146","MOM's Organic Market:Rockville","11711b Parklawn Drive","","Rockville","MD","20852","(301) 816-4944","39.04759","-77.101114"
"147","MOM's Organic Market:Timonium","20 W Ridgely Road","","Timonium","MD","21093","443-921-1700","39.4300787","-76.6216106"
"148","MOORFIELDS GREEN GROCER","1505 RT 9","","CLIFTON PARK","NY","12065","(518) 383-1613","42.837849","-73.77132"
"149","MORNING DEW NAT FOODS GROCERY","19 SANDY CREEK RD","","BRIDGTON","ME","4009","(207) 647-4003","44.0271313","-70.7028031"
"150","MORNING GLORY NATURAL FOODS","60 MAIN ST","","BRUNSWICK","ME","4011","(207) 729-0546","43.9140162","-69.9669961"
"151","Mother Earth's Storehouse: Kingston","300 Kings Mall Court","","KINGSTON","NY","12401","(845) 336-5541","41.9270367","-73.9973608"
"152","Mustard Seed Natural Living Center","80 Stage RD","","Nottingham","NH","3290","603-679-1800","43.1092881","-71.0852375"
"153","Natural Food Exchange","343 Main Street","","Reading","MA","1867","781 944 8498","42.5182559","-71.1034255"
"154","Natural Green Market","162 3rd Ave","","New York","NY","10003","(212) 780-0263","40.734696","-73.9864458"
"155","NATURAL GROCER-NEWBURYPORT","334 HIGH STREET","","NEWBURYPORT","MA","1950","(978) 463-8713","42.820549","-70.892374"
"156","Natural Health Center","4610 West Main","","Kalamazoo","MI","49006","269-342-9459","42.3010755","-85.6332093"
"157","Natural Living Center","209 Longview Drive","","Bangor","ME","4401","","44.8447565","-68.7402889"
"158","NATURAL PROVISIONS:WILLISTON","329 HARVEST LANE","","WILLISTON","VT","5495","(802) 876-1400","44.448517","-73.115173"
"159","NATURE'S COUNTRY STORE","1782 DOVER RD","","EPSOM","NH","3234","(603) 736-4004","43.2263143","-71.3495263"
"160","NATURE'S GREEN GROCER","374 UNION STREET UNIT 112","","PETERBOROUGH","NH","3458","(603) 924-2233","42.8869527","-71.9821525"
"161","NATURE'S PANTRY:NEWBURGH","142 RT 17K","","NEWBURGH","NY","12550","(845) 567-3355","41.5034271","-74.0104178"
"162","Nature's Pharm of Greenwood","8215 US 31 South","","Indianapolis","IN","46227","317-888-0557","39.646496","-86.133966"
"163","Neighborhood Co-Op Grocery","1815 West Main Street","","Carbondale","IL","62901","(618) 529-3353","37.729549","-89.2414592"
"164","NEW MORNING NATURAL FOODS:KENNEBUNK","3 YORK ST","","KENNEBUNK","ME","4043","(207) 985-6774","43.3842421","-70.5440404"
"165","NEW MORNING NATURAL&ORG","738 MAIN ST. SOUTH","","WOODBURY","CT","6798","(203) 263-4868","41.5256809","-73.2031327"
"166","NEW MORNING: BIDDEFORD","230 MAIN ST","","BIDDEFORD","ME","4005","(207) 282-1434","43.4938763","-70.4568563"
"167","New York Mouth","68 Jay Street","Suite 309","Brooklyn","NY","11201","718-576-2608","40.7027612","-73.9867783"
"168","NORTHAMPTON CORNUCOPIA","150 MAIN STREET SUITE B","","NORTHAMPTON","MA","1060","(413) 586-3800","42.3180823","-72.6306152"
"169","Norton's USA","400 Lageschulte Street","","Barrington","IL","60010","847-382-8872","42.151496","-88.143372"
"170","Ocean Beach People's Food Store","4765 Voltaire Street","","San Diego","CA","92107","(619) 224-1387","32.749666","-117.2429804"
"171","Of a Kind",""45 Engerman Ave.",""","Ste G","Denton","MD","21692","","38.870102","-75.820136"
"172","Olive and Thyme","4013 Riverside Drive","","Burbank","CA","91505","310-710-4490","34.1520508","-118.343655"
"173","Olives and Grace","81 Pembroke Street","","Boston","MA","2118","617.236.4536","42.3377967","-71.0705763"
"174","Over the Moon","200 West Colorado Ave","Unit 1","Telluride","CO","81435","970-728-2079","37.9374098","-107.8118213"
"175","Ozark Natural Foods","1554 N. College Ave","","Fayetteville","AR","72703","479.521.7558","36.0821789","-94.154753"
"176","Pacific Health Foods","944 Linden Ave","","Carpinteria","CA","93014","805-684-2115","34.398436","-119.5187939"
"177","Palmer's Supermarket","264 Heights Rd","","Darien","CT","6820","203-655-2077","41.069778","-73.496191"
"178","People's Food Coop: Ann Arbor","216 N 4th Ave","","Ann Arbor","MI","48104","(734) 994-9174","42.2828403","-83.7470214"
"179","Perelandra Natural Food Center","175 Remsen Street","","Brooklyn","NY","11201","","40.693496","-73.99137"
"180","PHILBRICK'S FRESH MARKET","775 LAFAYETTE ROAD","","PORTSMOUTH","NH","3801","603 379 2500","43.0530809","-70.7688978"
"181","PHILBRICK'S FRESH MARKET: North Hampton","69 Lafayette RD","","North Hampton","NH","3862","(603) 379-2500","42.9972144","-70.8166646"
"182","Plum Market: Ann Arbor","375 North Maple Road","","Ann Arbor","MI","48103","734-827-5000","42.2845679","-83.7807529"
"183","Plum Market: Corporate","","","","","","","",""
"184","Plum Market: West Bloomfield","6565 Orchard Plaza","","West Bloomfield","MI","48322","248-626-7000","42.5422403","-83.358917"
"185","Plum Market:Bloomfield","3675 W Maple Rd","","Bloomfield","MI","48301","","42.5415192","-83.3041061"
"186","Portland Trading Co.","157 Middle Street","","Portland","ME","4101","(207) 899-0228","43.6580716","-70.2539809"
"187","Pure Sprouts Organic Delivery","6900 Hamilton Blvd. PMB 109","","Trexlertown","PA","18087","610-391-1952","40.547224","-75.6018947"
"188","PURE-N-SIMPLE","4 EAST WASHINGTON ST","","GLENS FALLS","NY","12801","(518) 798-4047","43.313176","-73.6466499"
"189","Quidsi Eastern Fulfillment","600 First Ave","","Gouldsboro","PA","18424","866-306-7744","41.2445293","-75.4560183"
"190","Quidsi McCarran WFC","555 Milan Dr.","","McCarran","NV","89434","86630677744","39.5268671","-119.6246269"
"191","Rising Tide Natural Market","42 Forest Ave","","Glen Cove","NY","11542","(516) 676-7895","40.871242","-73.6263743"
"192","River Valley Market Coop","300 N King Street","","Northampton","MA","1060","(413) 584-2665","42.3465042","-72.6430834"
"193","Roots Market:Clarksville","5805 Clarksville Square Drive","","Clarksville","MD","21029","443-535-9321","39.2125392","-76.937909"
"194","Roots Natural Foods","100 Crawford St","","Leominster","MA","1453","978-534-7668","42.5250906","-71.759794"
"195","ROYAL RIVER:FREEPORT","443 US ROUTE 1","","FREEPORT","ME","4032","(207) 865-0046","43.8350483","-70.1259506"
"196","RUTLAND AREA FOOD CO OP","77 WALES STREET","","RUTLAND","VT","5701","(802) 773-0737","43.6056557","-72.9774325"
"197","Saint Mark's School","25 Marlboro Road","","Southborough","MA","1772","","42.3098166","-71.5300645"
"198","Sautter's Food Center","5519 South Main Street","","Slyvania","OH","43560","","41.6992425","-83.7305392"
"199","Save Our Heritage Organisation","2476 San Diego Avenue","","San Diego","CA","92110","619-297-9327","32.752531","-117.1944755"
"200","Savenor's Market:Charles Street","160 Charles Street","","BOSTON","MA","2114","(617) 576-6328","42.3604313","-71.0709387"
"201","SAVENORS SUPPLY CO.-BOSTON","160 CHARLES ST","","BOSTON","MA","2114","(617) 723-6328","42.3604313","-71.0709387"
"202","SAVENOR'S SUPPLY CO.-CAMB","92 KIRKLAND STREET","","CAMBRIDGE","MA","2138","(617) 876-7070","42.3779599","-71.1074241"
"203","Shaw's Mt. Auburn","699 Mt. Auburn Street","","Cambridge","MA","2138","617-876-1450","42.362928","-71.103962"
"204","Shaw's: Chestnut Hill","1 Boylston St","","Chestnut Hill","MA","2467","617-232-3854","42.3220489","-71.1697387"
"205","Shaw's: Prudential","53 Huntington Ave","","Boston","MA","2199","617-262-4688","42.3476545","-71.0793845"
"206","Shubie's Marketplace Wines and Spirits","16 Atlanic Ave","","Marblehead","MA","1945","781-631-0149","42.482128","-70.889107"
"207","SmartWool","3495 Airport Circle","","Steamboat Springs","CO","80487","970-875-2320","40.4849769","-106.8317158"
"208","Snap Top Market","303 COLUMBUS AVENUE","","Boston","MA","","978 580 0545","42.3461665","-71.0748833"
"209","SOAP.com:Central Fulfillment Center","S 14601 W 99th St","","Lenexa","KS","66215","8663067744","38.9482519","-94.754868"
"210","SOUTH ROYALTON MARKET","P.O BOX 239","","SOUTH ROYALTON","VT","5068","(802) 763-2400","43.8205295","-72.5213419"
"211","Southport Grocery & Cafe","3552 N. Southport","","Chicago","IL","60657","","41.943744","-87.663619"
"212","Spencer's Market",""1265 Battery St"," Fl 5"","","San Francisco","CA","94111","","37.7959362","-122.4000032"
"213","Sprig","1581 England Drive","","Columbus","Ohio","43240","614-886-1452","40.152158","-82.97596"
"214","St. Marks School","25 Marlboro Road","","Southborough","MA","1772","","42.3098166","-71.5300645"
"215","Standard Market","333 E Ogden Ave","","Westmont","IL","60559","630-366-7030","41.8099623","-87.9668163"
"216",""STONYFIELD FARM"," INC"","C/O CAROL CHAPMAN VISITOR CNTR","","LONDONDERRY","NH","3053","(603) 437-4040","42.8842866","-71.4061876"
"217","SUNFLOWER NATURAL FOODS - NH",""390 SO. MAIN ST"," SUITE 1"","","LACONIA","NH","3246","(603) 524-6334","43.5245469","-71.4681819"
"218","SWEET CLOVER MARKET","PO BOX 9003","","ESSEX","VT","5451","(802) 872-8288","44.49","-73.11"
"219","TAFTSVILLE COUNTRY STORE","VICTORIA LYNN BROOKS GENERAL","","TAFTSVILLE","VT","5073","(802) 457-1135","43.6277495","-72.4591002"
"220","Tamworth Lyceum","85 Main St","","Tamworth","NH","3886","603-323-5120","43.8598454","-71.2624595"
"221","The Cave","44 Main Street","","Gloucester","MA","1930","207-359-8008","42.612194","-70.665342"
"222","The Cellar","1 Windy Way","","Nantucket","MA","2554","(508) 228-9123","41.2664748","-70.1019413"
"223","The Drinkery","2 Young Road","","Londonderry","NH","3053","","42.8451395","-71.3639188"
"224","The Fresh Market: Hingham","11 Essington Drive","","HINGHAM","MA","2043","(781) 740-2066","42.2500875","-70.9220916"
"225","The Fresh Market:Corporate","628 Green Valley Road","Suite 500","Greensboro","NC","27408","336-272-1338","36.087292","-79.825322"
"226","The Garden","921 Manhattan Ave","","Brooklyn","NY","1222","(718) 389-6448","40.730705","-73.954638"
"227","The GEM","7721 Inwood Road","","Dallas","TX","75209","214.808.1907","32.8500972","-96.8214842"
"228","The Green Scene","617 MICHIGAN AVE","","Walker","MN","56484","218-547-2880","47.100375","-94.584982"
"229","THE LOCAL GROCER","3358 WHITE MOUNTAIN HWY","","INTERVALE","NH","3845","(603) 356-6068","44.0707372","-71.1427904"
"230","The Market","44 Front Street","","Greenport","NY","11944","(631) 477-8803","41.1024055","-72.3601943"
"231","The Market at Park City","1500 Snow Creek Dr","","Park City","UT","84060","435-645-7139","40.662101","-111.509425"
"232","The Meat House: Chelmsford","120 CHELMSFORD STREET","","CHELMSFORD","MA","1824","(978) 256-3600","42.6035061","-71.3461404"
"233","The Meat House: Franklin","365 West Central Street","","Franklin","MA","2038","(508) 528-8600","42.0875963","-71.4121673"
"234","The Meat House:Arlington","1398 Massachusetts Avenue","","ARLINGTON","MA","2476","(781) 643-6328","42.4244753","-71.1849667"
"235","The Meat House:Avon","395 W Main St","","Avon","CT","6001","(860) 676-4444","41.8163041","-72.8656798"
"236",""The Meat House:Beverly	42.5584283	-70.880049"","15 Enon Street","","Beverly ","MA","1915","(978) 564-3200","42.5842061","-70.8845417"
"237","The Meat House:Walpole","655 Main Street","","Walpole","MA","2081","(508) 668-2250","42.1546195","-71.2459409"
"238","THE RESORT AT PAWS UP","40060 Paws Up Road","","Greenough","Montana","59823","406-244-5320","46.913719","-113.438499"
"239","The Well School","360 Middle Hancock RD","","Peterborough","NH","3458","603-924-6908","42.9204045","-71.9643154"
"240","The Wine Shoppe","3809 Highway 17 South","","North Myrtle Beach","SC","29582","8432726941","33.8160058","-78.680016"
"241","Thistleberry Gift Shop","716 Hwy","10 S","Motley","MN","56466","(218) 352-6606","46.3375198","-94.645002"
"242","TIP TOP COUNTRY STORE","8 CENTRAL STREET","","BROOKFIELD","MA","1506","(508) 867-8494","42.2151243","-72.1009386"
"243","TPSS Co-op","201 Ethan Allen Ave","","Takoma Park","MD","20912","","38.9778846","-77.0058769"
"244","TRANTEN's Kingfield","363 MAIN STREET","","KINGFIELD","ME","4947","(207) 265-2202","44.967891","-70.1643288"
"245","TRANTEN'S: Farmington","180 MAIN STREET","","FARMINGTON","ME","4938","(207) 778-2202","44.6703514","-70.1508823"
"246","Ukiah Natural Natural Foods Coop","721 South State Street","","Ukiah","CA","95482","(707) 462-4778","39.143184","-123.205092"
"247","UNCLE DEAN'S GOOD GROCERIES","80 GROVE ST","","WATERVILLE","ME","4901","(207) 873-6231","44.5381868","-69.6420102"
"248","UNCOMMON MARKET","1 SCHOOL STREET","","MONTPELIER","VT","5602","(802) 223-7051","44.2616402","-72.5754471"
"249","Union Hall General Store","28 Deveau Rd","","North Salem","NY","10560","","41.334188","-73.5858502"
"250","Valley Natural Foods","13750 Country Road 11","","Burnsville","MN","55337","(952) 891-1212","44.7553994","-93.2639116"
"251","Vidalia's Market","9 W St","","Beverly","MA","1915","978-998-4814","42.5616958","-70.8172341"
"252",""Volante Farms"," Inc"","292 Forest Street  ","","Needham","MA","2492","(781) 444-2351","42.2925907","-71.2508318"
"253","WATER FRESH FARM","AMERICAN HYDROPONICS INC","","HOPKINTON","MA","1748","(508) 435-3400","42.2287065","-71.5225638"
"254","WAYSIDE COUNTRY STORE","3307 VT. RT 313W","","ARLINGTON","VT","05250-8928","(802) 375-2792","43.0747858","-73.1539734"
"255","Wedge Community Co-Op","2105 Lyndale Avenue South","","Minneapolis","MN","55405","612-874-7275","44.9685475","-93.3080409"
"256","WESTFIELD GENERAL STORE","17 NORTH HILL RD","","WESTFIELD","VT","5874","(802) 744-2223","44.88944","-72.42889"
"257","Whole Earth Center","360 Nassau Street","","Princeton","NJ","8540","(609) 924-7429","40.3543356","-74.6447867"
"258","Whole Foods Market (NA): Andover","40 Railroad St","","Andover","MA","1810","978-749-6664","42.660969","-71.145048"
"259","Whole Foods Market (NA): Bedford","170 Great RD","","Bedford","MA","1730","781-275-8264","42.4910708","-71.2736812"
"260","Whole Foods Market (NA): Bellingham","255 Hartford Ave","","Bellingham","MA","2019","508-966-3331","42.110922","-71.4620584"
"261","Whole Foods Market (NA): Bishop's Corner","340 North Main Street","","Glastonbury","CT","6033","860-523-7174","41.6477245","-72.605334"
"262","Whole Foods Market (NA): Brighton","15 Washington St","","Brighton","MA","2135","617-738-8187","42.3425738","-71.1407574"
"263","Whole Foods Market (NA): Charles River Plaza","181 Charles River Plaza","","Boston","MA","2138","617-723-0004","42.3803274","-71.1389101"
"264","Whole Foods Market (NA): Cranston","151 Sockanossett Cross Road","","Cranston","RI","2920","401-942-7600","41.7559877","-71.4575887"
"265","Whole Foods Market (NA): Dedham","300 Legacy Place","","Dedham","MA","2026","781-329-7100","42.2330347","-71.1779592"
"266","Whole Foods Market (NA): Framingham","575 Worcester Rd","","Framingham","MA","1701","508-628-9525","42.2984527","-71.4211703"
"267","Whole Foods Market (NA): Fresh Pond","200 Alewife Brook Parkway","","Cambridge","MA","2138","617-491-0040","42.3903205","-71.1407885"
"268","Whole Foods Market (NA): Glastonbury","55 Welles ST","","Glastonbury","CT","6033","860-652-9800","41.7139692","-72.6063416"
"269","Whole Foods Market (NA): Hadley","327 Russell St","","Hadley","MA","1035","413-586-9932","42.3553714","-72.5556792"
"270","Whole Foods Market (NA): Hingham","100 Derby Plaza","","Hingham","MA","2043","781-741-8050","42.1801618","-70.9091586"
"271","Whole Foods Market (NA): Jamaica Plain","413 Centre Street","","Jamaica Plain","MA","2130","617-553-5440","42.321363","-71.110888"
"272","Whole Foods Market (NA): Medford","2151 Mystic Valley Parkway","","Medford","MA","2155","781-395-4998","42.417358","-71.126883"
"273","Whole Foods Market (NA): Newton","916 Walnut St","","Newton","MA","2461","617-969-1141","42.3305032","-71.2069091"
"274","Whole Foods Market (NA): Newtonville","647 Washington St","","Newtonville","MA","2458","617-965-2070","42.3503838","-71.1864397"
"275","Whole Foods Market (NA): Portland","2 Somerset St","","Portland","ME","4101","207-774-7711","43.663884","-70.2587946"
"276","Whole Foods Market (NA): Prospect St","115 Prospect St","","Cambridge","MA","2139","617-492-0070","42.3679994","-71.1021997"
"277","Whole Foods Market (NA): Providence","261 Waterman St","","Providence","RI","2906","401-272-1690","41.8278036","-71.3861165"
"278","Whole Foods Market (NA): River St","340 River St","","Cambridge","MA","2139","617-876-6990","42.3618554","-71.1142684"
"279","Whole Foods Market (NA): Swampscott","331 Paradise Rd","","Swampscott","MA","1907","781-592-2200","42.479219","-70.90574"
"280","Whole Foods Market (NA): Symphony","15 Westland Ave","","Boston","MA","2115","617-375-1010","42.339904","-71.0898892"
"281","Whole Foods Market (NA): University Heights","601 North Main St","","Providence","RI","2904","401-621-5990","41.8380998","-71.4092639"
"282","Whole Foods Market (NA): Wayland","317 Boston Post Rd","","Wayland","MA","1778","508-358-7700","42.3631211","-71.3656427"
"283","Whole Foods Market (NA): Wellesley","278 Washington St","","Wellesley","MA","2181","781-235-7262","42.3122057","-71.2747393"
"284","Whole Foods Market (NA): West Hartford","50 Raymond St","","Hartford","CT","6107","860-523-8500","41.7615559","-72.7396354"
"285","Whole Foods Market (NA): Woburn","400 Cambridge Road","","Woburn","MA","1801","781-376-9600","42.460304","-71.164112"
"286","Whole Foods Market:Mid-Atlantic:Annapolis","200 Harke Place Suite 100","","Annapolis","MD","21401","(410) 573-1800","38.9784453","-76.4921829"
"287","Whole Foods Market:Mid-Atlantic:Arlington","2700 Wilson Blvd","","Arlington","VA","22314","(703) 527-6596","38.7999723","-77.0506896"
"288","Whole Foods Market:Mid-Atlantic:Bethesda","5268 River Rd","","Bethesda","MD","20816","(301) 984-4860","38.9658285","-77.10517"
"289","Whole Foods Market:Mid-Atlantic:Callowhill","2001 Pennsylvania Ave","","Philadelphia","PA","19130","(215) 557-0015","39.9614396","-75.1726488"
"290","Whole Foods Market:Mid-Atlantic:Cedar Center","13998 Cedar Rd","","University Heights","OH","44118","(216) 932-3918","41.501064","-81.536689"
"291","Whole Foods Market:Mid-Atlantic:Chagrin","27249 Chagrin Blvd.","","Woodmere","OH","44122","(216) 464-9403","41.4627977","-81.4860249"
"292","Whole Foods Market:Mid-Atlantic:Charlottesville","1797 Hydraulic Road","","Charlottesville","VA","22901","(434) 973-4900","38.0599661","-78.4904263"
"293","Whole Foods Market:Mid-Atlantic:Cincinnati","2693 Edmondson Rd","","Cincinnati","OH","45209","(513) 531-8015","39.145638","-84.447205"
"294","Whole Foods Market:Mid-Atlantic:Columbus","3670 W. Dublin-Granville Rd","","Columbus","OH","43235","(614) 760-5556","40.0949181","-83.0874974"
"295","Whole Foods Market:Mid-Atlantic:Devon","821 Lancastar Ave","","Wayne","PA","19087","(610) 688-9400","40.0403156","-75.3874154"
"296","Whole Foods Market:Mid-Atlantic:Fair Lakes","4501 Market Commons Dr","","Fairfax","VA","22033","(703) 222-2058","38.8735614","-77.3898602"
"297","Whole Foods Market:Mid-Atlantic:Foggy Bottom","2201 Eye St NW","","Washington","DC","20037","(202) 296-1660","38.9010131","-77.0321372"
"298","Whole Foods Market:Mid-Atlantic:Friendship Heights","4420 Willard Ave.","","Chevy Chase","MD","20815","(301) 657-1520","38.987451","-77.077039"
"299","Whole Foods Market:Mid-Atlantic:Georgetown","2323 Wisonsin Ave NW","","Washington","DC","20007","(202) 333-5393","38.9156487","-77.0737149"
"300","Whole Foods Market:Mid-Atlantic:Glen Mills","475 Wilmington West Chester Pike","","Glen Mills","PA","19342","(610) 358-1133","39.9111323","-75.4927278"
"301","Whole Foods Market:Mid-Atlantic:Harbor East","1001 Fleet St","","Baltimore","MD","21202","(410) 528-1640","39.28387","-76.599642"
"302","Whole Foods Market:Mid-Atlantic:Jenkintown","1575 The Fairway","","Jenkintown","PA","19046","(215) 481-0800","40.0959438","-75.1251743"
"303","Whole Foods Market:Mid-Atlantic:Kentlands","316 Kentlands Blvd","","Gaithersburg","MD","20878","(301) 258-9500","39.1232719","-77.2388319"
"304","Whole Foods Market:Mid-Atlantic:Lexington Green","161 Lexington Green Circle Ste. A2","","Lexington","KY","40503","(859) 971-8600","37.994433","-84.5245939"
"305","Whole Foods Market:Mid-Atlantic:Louisville","4944 Shelbyville Rd","","Louisville","KY","40207","(502) 899-5545","38.262469","-85.6486251"
"306","Whole Foods Market:Mid-Atlantic:Marlton","940 Route 73 North","","Marlton","NJ","8053","(856) 797-1115","39.9081013","-74.9378874"
"307","Whole Foods Market:Mid-Atlantic:Mason","5805 Deerfield Blvd.","","Mason","OH","45040","(513) 398-9358","39.3078197","-84.3203852"
"308","Whole Foods Market:Mid-Atlantic:Mount Washington","1330 Smith Ave","","Baltimore","MD","21209","(410) 532-6700","39.3686669","-76.6500591"
"309","Whole Foods Market:Mid-Atlantic:North Wales","1210 Bethlehem Pike","","North Wales","PA","19454","(215) 646-6300","40.2109404","-75.2782317"
"310","Whole Foods Market:Mid-Atlantic:Old Town","1700 Duke St","","Alexandria","VA","22314","(703) 706-0891","38.8042377","-77.05957"
"311","Whole Foods Market:Mid-Atlantic:P Street","1440 P Street NW","","Washington","DC","20005","(202) 332-4300","38.908229","-77.030539"
"312","Whole Foods Market:Mid-Atlantic:Pittsburgh","5880 Centre Ave","","Pittsburgh","PA","15206","(412) 441-7960","40.458584","-79.928478"
"313","Whole Foods Market:Mid-Atlantic:Plymouth Meeting","500 W. Germantown Pike","","Plymouth Meeting","PA","19462","(610) 832-0010","40.1153335","-75.2837336"
"314","Whole Foods Market:Mid-Atlantic:Princeton","3495 US Route 1 South","","Princeton","NJ","8540","(609) 799-2919","40.3572976","-74.6672226"
"315","Whole Foods Market:Mid-Atlantic:Reston","11660 Plaza America Dr","","Reston","VA","20191","(703) 736-0600","38.9519373","-77.349107"
"316","Whole Foods Market:Mid-Atlantic:Rockville White Flint","11355 Woodglen Drive","","Rockville","MD","20852","(301) 984-4880","39.0542102","-77.1197521"
"317","Whole Foods Market:Mid-Atlantic:Short Pump","11173 West Broad Street","","Glen Allen","VA","23060","(804) 364-4050","37.6482558","-77.5999805"
"318","Whole Foods Market:Mid-Atlantic:Silver Spring","833 Wayne Ave","","Silver Spring","MD","20910","(301) 608-9373","38.9963309","-77.0242397"
"319","Whole Foods Market:Mid-Atlantic:South Street","929 South St","","Philadelphia","PA","19147","(215) 733-9788","39.942914","-75.157785"
"320","Whole Foods Market:Mid-Atlantic:Springfield","8402 Old Keene Mill Rd","","Springfield","VA","22152","(703) 644-2500","38.779674","-77.235658"
"321","Whole Foods Market:Mid-Atlantic:Tenleytown","4530 40th St NW Tenley Circle","","Washington","DC","20016","(202) 237-5800","38.946393","-77.078589"
"322","Whole Foods Market:Mid-Atlantic:Tysons","7511 Leesburg Pike","","Falls Church","VA","22043","(703) 448-1600","38.903529","-77.204146"
"323","Whole Foods Market:Mid-Atlantic:Vienna","143 Maple Ave East","","Vienna","VA","22180","(703) 319-2000","38.902496","-77.262763"
"324","Whole Foods Market:Mid-Atlantic:West Lane","1555 W. Lane Ave.","","Upper Arlnigton","OH","43221","(614) 481-3400","40.0097883","-83.0683519"
"325","Whole Foods Market:Mid-Atlantic:Wexford","10576 Perry Hwy","","Wexford","PA","15090","(724) 940-6100","40.6108481","-80.0537421"
"326","Whole Foods Market:Mid-Atlantic:Wynnewood","339 East Lancaster Ave","","Wynnewood","PA","19096","(610) 896-3737","39.9890545","-75.2770721"
"327","Whole Foods Market:Midwest:Ann Arbor","3135 Washtenaw Ave","","Ann Arbor","MI","48104","(734) 975-4500","42.2577357","-83.7003261"
"328","Whole Foods Market:Midwest:Carmel","14598 Clay Terrace Blvd.","","Carmel","IN","46032","(317) 569-1517","39.999571","-86.1299844"
"329","Whole Foods Market:Midwest:Cranbrook","990 W. Eisenhower Parkway","","Ann Arbor","MI","48103","(734) 997-7500","42.2481839","-83.7582666"
"330","Whole Foods Market:Midwest:Deerfield","760 Waukegan Rd","","Deerfield","IL","60015","(847) 444-1900","42.166511","-87.845549"
"331","Whole Foods Market:Midwest:Downtown Evanston","1640 Chicago Ave","","Evanston","IL","60201","(847) 733-1600","42.047615","-87.6796095"
"332","Whole Foods Market:Midwest:Edina","7401 France Ave S","","Edina","MN","55435","(952) 830-3500","44.867585","-93.3274519"
"333","Whole Foods Market:Midwest:Eighty-Sixth St","1300 E. 86th St.","","Indianapolis","IN","46240","(317) 706-0900","39.9148549","-86.1370826"
"334","Whole Foods Market:Midwest:Evanston South","1111 Chicago Ave","","Evanston","IL","60202","(847) 475-9492","42.0379416","-87.6800565"
"335","Whole Foods Market:Midwest:Galleria","1601 S. Brentwood Blvd","","St Louis","MO","63144","(314) 968-7744","38.628524","-90.344914"
"336","Whole Foods Market:Midwest:Gold Coast","30 West Huron St","","Chicago","IL","60654","(312) 932-9600","41.895","-87.629182"
"337","Whole Foods Market:Midwest:Halsted & Waveland","3640 N Halsted St","","Chicago","IL","60613","(773) 472-0400","41.9484723","-87.6498712"
"338","Whole Foods Market:Midwest:Hinsdale","500 E. Ogden Ave","","Hinsdale","IL","60521","(630) 986-8500","41.8174606","-87.9181043"
"339","Whole Foods Market:Midwest:Lakeview","3300 N. Ashland Ave","","Chicago","IL","60657","(773) 244-4200","41.941136","-87.669179"
"340","Whole Foods Market:Midwest:Lincoln Park","1550 N. Kingsbury Street","","Chicago","IL","60642","(312) 587-0648","41.9096064","-87.6531734"
"341","Whole Foods Market:Midwest:Madison","3313 University Ave","","Madison","WI","53705","(608) 233-9566","43.0750826","-89.4444051"
"342","Whole Foods Market:Midwest:Milwaukee","2305 N. Prospect Ave","","Milwaukee","WI","53211","(414) 223-1500","43.0819257","-87.8802098"
"343","Whole Foods Market:Midwest:Minneapolis","3060 Excelsior Blvd","","Minneapolis","MN","55416","(612) 927-8141","44.9469039","-93.3215831"
"344","Whole Foods Market:Midwest:Minnetonka","1001 Plymouth Rd","","Minnetonka","MN","55305","(952) 797-5600","44.957939","-93.4307587"
"345","Whole Foods Market:Midwest:Naperville","2607 W 75th Street","","Naperville","IL","60565","(630) 579-7700","41.7479358","-88.1997007"
"346","Whole Foods Market:Midwest:Northbrook","840 Willow Road Suite M","","Northbrook","IL","60062","(847) 202-5353","42.1072174","-87.8005886"
"347","Whole Foods Market:Midwest:Omaha","10020 Regency Circle","","Omaha","NE","68114","(402) 393-1200","41.261833","-96.06851"
"348","Whole Foods Market:Midwest:Palatine","1331 North Rand Rd","","Palatine","IL","60074","(847) 776-8080","42.1346076","-88.0154559"
"349","Whole Foods Market:Midwest:River Forest","7245 Lake St","","River Forest","IL","60305","(708) 366-1045","41.8873068","-87.8065324"
"350","Whole Foods Market:Midwest:Rochester Hills","2918 Walton Blvd","","Rochester Hills","MI","48309","(248) 371-1400","42.6509755","-83.1756188"
"351","Whole Foods Market:Midwest:Sauganash","6020 N Cicero Ave","","Chicago","IL","60646","(773) 205-1100","41.9903259","-87.7483382"
"352","Whole Foods Market:Midwest:Schaumburg","750 N. Martingale Rd.","","Schaumburg","IL","60173","(847) 585-5800","42.0425007","-88.0355944"
"353","Whole Foods Market:Midwest:South Loop","1101 S. Canal St Suite 107","","Chicago","IL","60607","(312) 435-4600","41.868394","-87.638712"
"354","Whole Foods Market:Midwest:St Paul","30 South Fairview Ave","","St Paul","MN","55105","(651) 690-0197","44.94048","-93.176599"
"355","Whole Foods Market:Midwest:Town and Country","1160 Town and Country Crossing Drive","","Town and Country","MO","63017","(636) 527-1160","38.6122751","-90.4634532"
"356","Whole Foods Market:Midwest:Troy","2880 West Maple Rd","","Troy","MI","48084","(248) 649-9600","42.5475212","-83.1857567"
"357","Whole Foods Market:Midwest:West Bloomfield","7350 Orchard Lake Rd","","West Bloomfield","MI","48322","(248) 538-4600","42.530606","-83.362066"
"358","Whole Foods Market:Midwest:Wheaton","151 Rice Lake Square","","Wheaton","IL","60189","(630) 588-1500","41.8310359","-88.0994283"
"359","Whole Foods Market:Midwest:Willowbrook","210 63rd St","","Willowbrook","IL","60527","(630) 655-5000","41.77421","-87.9481359"
"360","Whole Foods Market:North Atlantic:Jamaica Plain","413 Centre St","","Jamaica Plain","MA","2130","(617) 553-5400","42.321363","-71.110888"
"361","Whole Foods Market:North Atlantic:Providence","261 Waterman St","","Providence","RI","2906","(401) 272-190","41.8278036","-71.3861165"
"362","Whole Foods Market:Northeast:Chelsea","250 7th Ave","","New York City","NY","10001","212.924.5969","40.7448699","-73.995116"
"363","Whole Foods Market:Northeast:Columbus Circle","10 Columbus Circle","","New York City","NY","10019","212.823.9600","40.7694455","-73.9850021"
"364",""Whole Foods Market:Northeast:Darien"," CT"","150 Ledge Road","","Darien","CT","6820","203-662-0577","41.0731812","-73.4761823"
"365","Whole Foods Market:Northeast:Edgewater","905 River Road","","Edgewater","NJ","7020","(201) 941-4000","40.8248381","-73.9739644"
"366","Whole Foods Market:Northeast:Fairfield","350 Grasmere Avenue","","Fairfield","CT","6824","(203) 319-9544","41.1570438","-73.2417652"
"367","Whole Foods Market:Northeast:Greenwich","90 E. Putnam Ave","","Greenwich","CT","6830","(203) 661-0631","41.0333168","-73.6243106"
"368","Whole Foods Market:Northeast:Jericho","429 North Broadway","","Jericho","NY","11753","(516) 932-1733","40.7888216","-73.5348975"
"369","Whole Foods Market:Northeast:Lake Grove","120 New Moriches Road","","Lake Grove","NY","11755","(631) 588-1466","40.8699326","-73.1260337"
"370","Whole Foods Market:Northeast:Manhasset","2101 Northern Blvd","","Manhasset","NY","11030","(516) 869-8900","40.797211","-73.670562"
"371","Whole Foods Market:Northeast:Middletown","471 State Route 35","","Red Bank","NJ","7701","(732) 758-1688","40.3742629","-74.0880996"
"372","Whole Foods Market:Northeast:Milford","1650 Boston Post Rd","","Milford","CT","6460","(203) 874-0883","41.2473836","-73.0254597"
"373","Whole Foods Market:Northeast:Millburn - Union","2245 Springfield Ave.","","Vauxhall","NJ","7088","(908) 688-1455","40.7178441","-74.2874904"
"374","Whole Foods Market:Northeast:Montclair","701 Bloomfield Ave","","Montclair","NJ","7042","(973) 746-5110","40.8183045","-74.2230862"
"375","Whole Foods Market:Northeast:Paramus","300 Bergen Town Center","","Paramus","NJ","7652","(201) 226-1244","40.9150934","-74.0592279"
"376","Whole Foods Market:Northeast:Ridgewood","44 Godwin Ave","","Ridgewood","NJ","7450","(201) 670-0383","40.9789162","-74.1231707"
"377","Whole Foods Market:Northeast:Rose City","222 Main St","","Madison","NJ","7940","(973) 822-8444","40.7528986","-74.4054435"
"378","Whole Foods Market:Northeast:Tribeca","270 Greenwich Street","","New York","NY","10001","212-349-6555","40.715531","-74.0114691"
"379","Whole Foods Market:Northeast:Union Square","4 Union Square South","","New York","NY","10003","212.673.5388","40.7346688","-73.9897484"
"380","Whole Foods Market:Northeast:Wainscott","368 Montauk Hwy","","Wainscott","NY","11975","(631) 527-7120","40.947783","-72.249366"
"381","Whole Foods Market:Northeast:West Orange","235 Prospect Ave","","West Orange","NJ","7052","(973) 669-3196","40.804779","-74.248416"
"382","Whole Foods Market:Northeast:Westport","399 Post Road West","","Westport","CT","6880","(203) 227-6858","41.128924","-73.37981"
"383","Whole Foods Market:Northeast:White Plains","110 Bloomingdale Rd","","White Plains","NY","10605","(914) 288-1300","41.0284526","-73.7583859"
"384","Whole Foods Market:Northeast:Yonkers","1 Ridge Hill Blvd","","Yonkers","NY","10710","(914) 378-8090","40.9669429","-73.8608272"
"385","Whole Foods Market:Pacific Northwest:Bellevue","888 116th Ave NE","","Bellevue","WA","98004","(425) 462-1400","47.618395","-122.185053"
"386","Whole Foods Market:Pacific Northwest:Bend","2610 NE Hwy 20","","Bend","OR","97701","(541) 389-0151","44.0581728","-121.3153096"
"387","Whole Foods Market:Pacific Northwest:Bridgeport","7380 SW Bridgeport Rd","","Tigard","OR","97224","(503) 639-6500","45.4081316","-122.8033845"
"388","Whole Foods Market:Pacific Northwest:Fremont","3535 NE 15th Ave.","","Portland","OR","97212","(503) 288-3414","45.5488187","-122.6511352"
"389","Whole Foods Market:Pacific Northwest:Hollywood","4301 NE Sandy Blvd","","Portland","OR","97213","(503) 284-2644","45.5367704","-122.618798"
"390","Whole Foods Market:Pacific Northwest:Interbay","2001 W 15th Ave","","Seattle","WA","98119","(206) 352-5440","47.6378111","-122.3764138"
"391","Whole Foods Market:Pacific Northwest:Laurelhurst","2825 East Burnside St.","","Portland","OR","97214","(503) 232-6601","45.523262","-122.636416"
"392","Whole Foods Market:Pacific Northwest:Lynnewood","2800 SW 196th St Suite 100","","Lynnwood","WA","98036","(425) 775-1320","47.8200739","-122.2722082"
"393","Whole Foods Market:Pacific Northwest:Mill Plain","815 Southeast 160th Avenue","","Vancouver","WA","98683","(360) 253-4082","45.6155295","-122.5075453"
"394","Whole Foods Market:Pacific Northwest:Pearl","1210 NW Couch St","","Portland","OR","97209","(503) 525-4343","45.5235991","-122.6832623"
"395","Whole Foods Market:Pacific Northwest:Redmond","17991 Redmond Way","","Redmond","WA","98052","(425) 881-2600","47.6661321","-122.1008292"
"396","Whole Foods Market:Pacific Northwest:Roosevelt Square","1026 NE 64th Street","","Seattle","WA","98115","(206) 985-1500","47.6751243","-122.3160942"
"397","Whole Foods Market:Pacific Northwest:Tanasbourne","19440 NW Cornell Rd","","Hillsboro","OR","97124","(503) 645-9200","45.5339019","-122.8769816"
"398","Whole Foods Market:Pacific Northwest:Westlake","2210 Westlake Ave","","Seattle","WA","98121","(206) 621-9700","47.618388","-122.3380682"
"399","Whole Foods Market:Rocky Mountain:91st and Metcalf","7401 West 91st St","","Overland Park","KS","66212","(913) 652-9633","38.963405","-94.671096"
"400","Whole Foods Market:Rocky Mountain:Academy","5815 Wyoming Blvd NE","","Albuquerque","NM","87109","(505) 856-0474","35.1464796","-106.5558882"
"401","Whole Foods Market:Rocky Mountain:Baseline","2584 Baseline Rd.","","Boulder","CO","80305","(303) 499-7636","40.0002969","-105.2606552"
"402","Whole Foods Market:Rocky Mountain:Belmar","444 S. Wadsworth Blvd","","Lakewood","CO","80226","(303) 935-5000","39.7091737","-105.0811992"
"403","Whole Foods Market:Rocky Mountain:Capitol Hill","900 E 11th Ave.","","Denver","CO","80218","(303) 832-7701","39.7333039","-104.975853"
"404","Whole Foods Market:Rocky Mountain:Cerrillos","753 Cerrillos Rd","","Santa Fe","NM","87505","(505) 992-1700","35.6791583","-105.9502455"
"405","Whole Foods Market:Rocky Mountain:Cherry Creek","2375 E. 1st Ave","","Denver","CO","80206","(720) 941-4100","39.718799","-104.956783"
"406","Whole Foods Market:Rocky Mountain:Colfax","14357 W. Colfax Ave.","","Golden","CO","80401","(303) 277-1339","39.735343","-105.161862"
"407","Whole Foods Market:Rocky Mountain:Colorado Blvd","870 S. Colorado Blvd.","","Glendale","CO","80246","(303) 691-0101","39.700482","-104.9405707"
"408","Whole Foods Market:Rocky Mountain:Cottonwood Heights","6930 S. Highland Drive","","Cottonwood Heights","UT","84121","(801) 733-9455","40.6256231","-111.8341183"
"409","Whole Foods Market:Rocky Mountain:First and Main","3180 New Center Point","","Colorado Springs","CO","80922","(719) 622-1099","38.8787638","-104.7175524"
"410","Whole Foods Market:Rocky Mountain:Fort Collins","2201 S. College Ave","","Fort Collins","CO","80525","(970) 267-9200","40.559094","-105.07757"
"411","Whole Foods Market:Rocky Mountain:Highlands Ranch","9366 S. Colorado Blvd. Ste B","","Highlands Ranch","CO","80126","(303) 470-6003","39.5511448","-104.9505671"
"412","Whole Foods Market:Rocky Mountain:Ideal Market","1275 Alpine Ave.","","Boulder","CO","80304","(303) 443-1354","40.0454736","-105.2838511"
"413","Whole Foods Market:Rocky Mountain:Indian School Plaza","2103 Carlisle Blvd. NE","","Albuquerque","NM","87110","(505) 260-1366","35.1029518","-106.604982"
"414","Whole Foods Market:Rocky Mountain:Overland Park (119th St)","6621 W. 119th St.","","Overland Park","KS","66209","(913) 663-2951","38.912836","-94.6614404"
"415","Whole Foods Market:Rocky Mountain:Park City","1748 West Redstone Center Drive","","Park City","UT","84098","(435) 575-0200","40.743503","-111.5468301"
"416","Whole Foods Market:Rocky Mountain:Pearl","2905 Pearl St","","Boulder","CO","80301","(303) 545-6611","40.0237217","-105.2562012"
"417","Whole Foods Market:Rocky Mountain:Pikes Peak","7635 North Academy Blvd","","Colorado Springs","CO","80920","(719) 531-9999","38.9419105","-104.7994382"
"418","Whole Foods Market:Rocky Mountain:SouthGlenn","6853 South York Street Suite 119","","Centennial","CO","80122","(303) 996-3660","39.5756558","-104.9564084"
"419","Whole Foods Market:Rocky Mountain:St Francis","1090 S. Saint Francis Dr.","","Santa Fe","NM","87505","(505) 983-5333","35.6744771","-105.953806"
"420","Whole Foods Market:Rocky Mountain:Sugarhouse","1131 E. Wilmington Ave.","","Salt Lake City","UT","84106","(801) 359-7913","40.7233264","-111.8587856"
"421","Whole Foods Market:Rocky Mountain:Superior","303 Marshall Rd.","","Superior","CO","80027","(720) 274-1415","39.9588527","-105.1719095"
"422","Whole Foods Market:Rocky Mountain:Tamarac","7400 E. Hampden Ave Unit D","","Denver","CO","80231","(303) 488-2000","39.6529188","-104.9012262"
"423","Whole Foods Market:Rocky Mountain:Trolley Square","544 South 700 East","","Salt Lake City","UT","84102","(801) 924-9060","40.76049","-111.8658015"
"424","Whole Foods Market:Rocky Mountain:Washington Park","1111 S. Washington St.","","Denver","CO","80210","(303) 733-6201","39.6960058","-104.9798691"
"425","Whole Foods Market:Rocky Mountain:Westminster","9229 N. Sheridan Blvd.","","Westminster","CO","80031","(303) 650-2333","39.865135","-105.054658"
"426","Willowrest","1 Holly Street","","Gloucester","ma","1930","978-283-2417","42.6423801","-70.6701378"
"427","Wilson Farm","10 Pleasant Street","","Lexington","MA","2421","(781) 862-3900","42.4286907","-71.2280234"
"428","Windfall Market","77 Scranton Avenue  ","","Falmouth","MA ","2540","(508) 548-0099","41.551812","-70.603906"
"429","Wine Library","586 Morris Avenue","","Springfield","NJ","7081","973-376-0005","40.7016937","-74.3222146"
"430","Wollaston's Market","369 Huntington Avenue","","Boston","MA","2115","(617) 247-0011","42.3400282","-71.0900694"
"431","WOODSTOCK FARMERS MARKET","979 WEST WOODSTOCK RD.","","WOODSTOCK","VT","5091","(802) 457-3658","43.6242442","-72.5185112"
"432","Yes Organic Market 14th Street","2123 14th Street NW","","Union Row","DC","20009","(202) 232-6603","38.9185005","-77.0252987"
"433","Yes Organic Market Hyattsville","301-779-1205","","Hyattsville","MD","20781","301-779-1205","38.9559442","-76.9455301"
"434","Yes Organic Market: Adams Morgan","1825 Columbia Road NW","","Washington","DC","20009","(202) 462-5150","38.9222564","-77.0432351"
"435","Yes Organic Market: Brookland","3809 12th Street NW","","Brookland","DC","20017","(202) 832-7715","38.9368832","-76.9905815"
"436","Yes Organic Market: Capital Hill","410 8th Street","","Washington","DC","20003","(202) 546-4325","38.8833829","-76.9947989"
"437","Yes Organic Market: Cleveland","3425 Connecticut Avenue NW","","Cleveland Park","DC","20008","(202) 363-1559","38.9350914","-77.0579967"
"438","Yes Organic Market: Petworth","4100 Georgia Avenue NW","","Washington","DC","20011","(202) 291-5790","38.9410818","-77.0255094"
"439","Your Kitchen Store","20 Main Street","","Keene","NH","3431","603-352-1626","42.9336757","-72.2782488"
"440","Yumvelope","15323 W Oak Spring Rd","","Libertyville","IL","60048","","42.288021","-87.930981"
"441","Zeppelin & Kaleidoscope Vegetarian Café","P.O. BOX 365","","MARLBOROUGH","NH","3455","","42.9042471","-72.2078343"
"442","Zerbo's Health Foods","34164 Plymouth Road","","Livonia","MI","48150","(734) 427-3144","42.3683457","-83.3812097"